medID,medName,drugClass,adminDetails,storagedetails
64887069,Wonder,Antidepressant,Oral,Store at room temperature
52998562,Join,Analgesic,Injectable,Avoid direct sunlight
61452037,White,Analgesic,Injectable,Store at room temperature
82231838,Mouth,Analgesic,Topical,Keep refrigerated
83418875,Around,Antidepressant,Injectable,Store at room temperature
57596972,Wonder,Antiviral,Injectable,Keep refrigerated
85229368,Half,Antidepressant,Oral,Avoid direct sunlight
54995458,Voice,Antibiotic,Oral,Avoid direct sunlight
47708589,Well,Antibiotic,Injectable,Keep refrigerated
05859446,Rule,Antidepressant,Injectable,Keep refrigerated
77093691,Office,Analgesic,Injectable,Avoid direct sunlight
79410287,Win,Antibiotic,Oral,Store at room temperature
86772023,Reality,Antidepressant,Topical,Avoid direct sunlight
12550917,Every,Analgesic,Topical,Avoid direct sunlight
71320675,Science,Analgesic,Topical,Keep refrigerated
18033685,Ask,Analgesic,Topical,Avoid direct sunlight
02001293,Side,Antibiotic,Oral,Avoid direct sunlight
18114280,Act,Analgesic,Topical,Avoid direct sunlight
79699733,Even,Antibiotic,Topical,Keep refrigerated
15344985,Though,Antiviral,Injectable,Keep refrigerated
44955980,Huge,Analgesic,Oral,Avoid direct sunlight
96805038,Father,Antibiotic,Oral,Avoid direct sunlight
46655503,Call,Antibiotic,Injectable,Keep refrigerated
97253014,Today,Analgesic,Oral,Store at room temperature
46611086,Speech,Analgesic,Oral,Avoid direct sunlight
59734616,Surface,Antidepressant,Injectable,Keep refrigerated
20074535,Law,Analgesic,Oral,Keep refrigerated
56762130,Without,Antibiotic,Oral,Avoid direct sunlight
44142472,Something,Analgesic,Oral,Avoid direct sunlight
06025070,Spring,Antiviral,Topical,Keep refrigerated
66602896,Take,Analgesic,Topical,Avoid direct sunlight
78479281,Appear,Analgesic,Oral,Store at room temperature
37402760,Sport,Analgesic,Topical,Keep refrigerated
40425493,Firm,Antiviral,Topical,Avoid direct sunlight
68192991,Born,Antidepressant,Oral,Store at room temperature
83449560,Break,Antibiotic,Injectable,Avoid direct sunlight
70289842,Behind,Antidepressant,Topical,Keep refrigerated
75613020,Security,Antibiotic,Topical,Avoid direct sunlight
88087064,Law,Analgesic,Topical,Avoid direct sunlight
16785730,Mean,Antiviral,Oral,Keep refrigerated
48429290,Business,Antiviral,Oral,Store at room temperature
27554888,High,Antibiotic,Oral,Store at room temperature
69481104,Nearly,Analgesic,Injectable,Keep refrigerated
80566769,Enough,Analgesic,Topical,Store at room temperature
56878568,Body,Analgesic,Oral,Keep refrigerated
10823137,Compare,Antidepressant,Topical,Avoid direct sunlight
66054902,Site,Antibiotic,Topical,Keep refrigerated
84763546,Begin,Analgesic,Topical,Store at room temperature
39498907,Force,Antibiotic,Topical,Avoid direct sunlight
45222778,Culture,Antibiotic,Oral,Avoid direct sunlight
97075509,Mouth,Antidepressant,Oral,Avoid direct sunlight
70655031,Case,Antiviral,Injectable,Keep refrigerated
65554706,General,Antidepressant,Injectable,Avoid direct sunlight
65485293,Even,Antidepressant,Injectable,Store at room temperature
67922497,Or,Antidepressant,Topical,Avoid direct sunlight
31370289,Reveal,Antidepressant,Topical,Keep refrigerated
98472648,Teach,Antiviral,Injectable,Keep refrigerated
33131275,Green,Analgesic,Topical,Keep refrigerated
92245253,Population,Antidepressant,Injectable,Keep refrigerated
42168138,Wait,Antibiotic,Topical,Avoid direct sunlight
99897288,Let,Antibiotic,Injectable,Keep refrigerated
57237027,Here,Analgesic,Oral,Avoid direct sunlight
02597683,Event,Antibiotic,Oral,Avoid direct sunlight
67412469,Look,Antidepressant,Oral,Store at room temperature
67215261,Out,Antidepressant,Topical,Store at room temperature
01901821,Together,Antibiotic,Oral,Avoid direct sunlight
75081350,Suddenly,Antiviral,Oral,Store at room temperature
13337883,Reach,Antidepressant,Injectable,Keep refrigerated
27208265,Already,Antibiotic,Topical,Avoid direct sunlight
83542041,Most,Antibiotic,Injectable,Avoid direct sunlight
22485560,Form,Analgesic,Oral,Keep refrigerated
62839021,World,Antibiotic,Injectable,Store at room temperature
39331910,North,Antidepressant,Topical,Avoid direct sunlight
15123397,Network,Antidepressant,Oral,Store at room temperature
51909832,Suddenly,Analgesic,Topical,Store at room temperature
69871945,Impact,Antibiotic,Topical,Keep refrigerated
93284121,Remain,Antiviral,Injectable,Store at room temperature
19732458,Western,Analgesic,Oral,Store at room temperature
47329253,Character,Analgesic,Oral,Keep refrigerated
09985992,Nice,Antiviral,Injectable,Keep refrigerated
87630216,Live,Antidepressant,Injectable,Avoid direct sunlight
83644866,Follow,Antidepressant,Injectable,Avoid direct sunlight
13632359,Herself,Antibiotic,Topical,Keep refrigerated
37780380,Total,Analgesic,Injectable,Store at room temperature
38710555,Be,Antiviral,Injectable,Store at room temperature
14955374,Deep,Antibiotic,Injectable,Store at room temperature
48227683,Cup,Antidepressant,Oral,Store at room temperature
99682089,Voice,Antidepressant,Topical,Keep refrigerated
48972091,Brother,Antidepressant,Oral,Keep refrigerated
93158234,Full,Antiviral,Oral,Avoid direct sunlight
18773286,Several,Analgesic,Oral,Keep refrigerated
38259378,Certain,Antibiotic,Topical,Keep refrigerated
65936817,Race,Analgesic,Injectable,Keep refrigerated
49960643,Surface,Antibiotic,Oral,Keep refrigerated
24093800,Audience,Analgesic,Oral,Keep refrigerated
49017847,Around,Antibiotic,Injectable,Avoid direct sunlight
32218797,Seven,Antiviral,Topical,Avoid direct sunlight
35027392,Together,Analgesic,Oral,Keep refrigerated
96368487,Teach,Antibiotic,Topical,Avoid direct sunlight
52784320,Trouble,Antidepressant,Oral,Avoid direct sunlight
46289623,Impact,Antidepressant,Injectable,Store at room temperature
14530648,Sit,Antiviral,Topical,Store at room temperature
20088981,Response,Antidepressant,Topical,Keep refrigerated
16929993,Send,Antidepressant,Oral,Keep refrigerated
31408249,Add,Analgesic,Topical,Store at room temperature
44510940,Power,Antibiotic,Topical,Keep refrigerated
27892616,Paper,Antibiotic,Oral,Avoid direct sunlight
47281793,Stage,Antibiotic,Injectable,Keep refrigerated
32724741,Family,Antiviral,Injectable,Store at room temperature
97066232,Nothing,Antidepressant,Topical,Keep refrigerated
77052195,Mind,Analgesic,Injectable,Store at room temperature
64369007,Material,Antibiotic,Oral,Keep refrigerated
93056577,Race,Antiviral,Injectable,Keep refrigerated
43387605,For,Antiviral,Oral,Store at room temperature
57005245,Inside,Antibiotic,Injectable,Avoid direct sunlight
29398450,Picture,Antibiotic,Injectable,Avoid direct sunlight
18246094,Student,Antiviral,Injectable,Keep refrigerated
89783810,Result,Antibiotic,Topical,Store at room temperature
62314755,National,Analgesic,Topical,Keep refrigerated
78839149,Yard,Analgesic,Injectable,Keep refrigerated
52672453,Close,Analgesic,Injectable,Avoid direct sunlight
30407371,Stage,Antidepressant,Topical,Keep refrigerated
62822582,All,Antidepressant,Topical,Avoid direct sunlight
06832686,Science,Antibiotic,Oral,Keep refrigerated
73072515,Recent,Analgesic,Oral,Avoid direct sunlight
81561603,Guess,Analgesic,Topical,Keep refrigerated
66486094,Outside,Antiviral,Injectable,Avoid direct sunlight
31049291,History,Analgesic,Injectable,Store at room temperature
79575400,Hand,Antiviral,Oral,Store at room temperature
16724372,Series,Antiviral,Injectable,Store at room temperature
91466039,Movement,Antibiotic,Oral,Store at room temperature
83083125,Body,Antiviral,Topical,Store at room temperature
68187778,Question,Antibiotic,Oral,Avoid direct sunlight
15248187,Hundred,Antidepressant,Oral,Avoid direct sunlight
73532826,Carry,Antibiotic,Oral,Avoid direct sunlight
25230717,Cold,Antibiotic,Topical,Keep refrigerated
10985312,Girl,Antibiotic,Topical,Avoid direct sunlight
92738139,Determine,Antibiotic,Oral,Keep refrigerated
38464341,Attack,Analgesic,Injectable,Avoid direct sunlight
38038774,Happen,Antidepressant,Topical,Keep refrigerated
55411196,Fly,Analgesic,Oral,Keep refrigerated
51327510,Issue,Analgesic,Oral,Avoid direct sunlight
57870834,Music,Antibiotic,Injectable,Avoid direct sunlight
43148627,Establish,Antiviral,Injectable,Keep refrigerated
27705095,Human,Antidepressant,Oral,Avoid direct sunlight
73603222,Person,Analgesic,Injectable,Avoid direct sunlight
34073017,Call,Antidepressant,Injectable,Keep refrigerated
04813825,Attention,Antidepressant,Injectable,Avoid direct sunlight
35013649,Reflect,Analgesic,Topical,Store at room temperature
26857064,Reveal,Antidepressant,Oral,Keep refrigerated
28816678,Foreign,Antibiotic,Injectable,Keep refrigerated
75964402,Movement,Antidepressant,Topical,Keep refrigerated
98510729,Always,Analgesic,Oral,Keep refrigerated
31682484,Court,Analgesic,Topical,Avoid direct sunlight
30530593,Little,Analgesic,Oral,Keep refrigerated
59598010,He,Analgesic,Oral,Store at room temperature
59811375,Drop,Antiviral,Injectable,Keep refrigerated
16571443,Current,Analgesic,Topical,Store at room temperature
97962854,Tonight,Antiviral,Injectable,Keep refrigerated
26686880,Trouble,Antibiotic,Injectable,Store at room temperature
54173762,Eight,Antiviral,Topical,Keep refrigerated
81621611,Score,Antiviral,Topical,Keep refrigerated
34065382,Class,Analgesic,Topical,Keep refrigerated
74474752,Sure,Antidepressant,Oral,Keep refrigerated
70928076,Floor,Antidepressant,Topical,Store at room temperature
37791430,Bag,Antiviral,Injectable,Store at room temperature
14014212,Quickly,Analgesic,Oral,Keep refrigerated
62749337,She,Antidepressant,Topical,Avoid direct sunlight
43317220,Surface,Antidepressant,Oral,Keep refrigerated
55915069,Candidate,Antidepressant,Topical,Avoid direct sunlight
87216989,Note,Antibiotic,Oral,Avoid direct sunlight
58127194,Name,Antibiotic,Topical,Store at room temperature
91905400,Dark,Antibiotic,Injectable,Avoid direct sunlight
68995730,Activity,Antiviral,Topical,Keep refrigerated
47452773,Certainly,Antidepressant,Injectable,Store at room temperature
79956098,Song,Antidepressant,Oral,Keep refrigerated
85254413,Focus,Antibiotic,Injectable,Keep refrigerated
90751613,Suddenly,Antidepressant,Oral,Keep refrigerated
20176747,Foot,Analgesic,Oral,Store at room temperature
43708466,Send,Antidepressant,Injectable,Avoid direct sunlight
45042269,At,Analgesic,Topical,Store at room temperature
06413686,Ground,Antidepressant,Topical,Store at room temperature
62215095,Myself,Antiviral,Injectable,Avoid direct sunlight
64587038,Inside,Antibiotic,Injectable,Avoid direct sunlight
89470822,Bit,Antibiotic,Injectable,Keep refrigerated
78096856,Group,Antidepressant,Topical,Keep refrigerated
43275564,Key,Analgesic,Oral,Avoid direct sunlight
11627846,Happy,Antibiotic,Oral,Store at room temperature
02958981,Doctor,Antiviral,Oral,Keep refrigerated
29463612,Area,Antibiotic,Injectable,Keep refrigerated
36597782,Serious,Antidepressant,Topical,Keep refrigerated
40127585,Language,Antidepressant,Oral,Avoid direct sunlight
85260956,Even,Antidepressant,Topical,Keep refrigerated
76635920,Care,Antibiotic,Oral,Avoid direct sunlight
09693441,Air,Antidepressant,Oral,Keep refrigerated
97689912,Group,Antibiotic,Injectable,Keep refrigerated
04573517,Daughter,Antidepressant,Oral,Store at room temperature
08343655,Establish,Antidepressant,Injectable,Avoid direct sunlight
01611306,As,Antibiotic,Topical,Keep refrigerated
83828138,Bed,Analgesic,Oral,Store at room temperature
44766316,Congress,Antiviral,Topical,Store at room temperature
64511269,Federal,Antiviral,Topical,Avoid direct sunlight
71888651,Subject,Antiviral,Oral,Store at room temperature
57007351,Pay,Antidepressant,Oral,Avoid direct sunlight
52918143,Stage,Antidepressant,Topical,Store at room temperature
29832251,Property,Antibiotic,Injectable,Store at room temperature
81774955,Religious,Antidepressant,Topical,Avoid direct sunlight
46138957,Air,Antibiotic,Injectable,Store at room temperature
05134584,Instead,Antidepressant,Topical,Store at room temperature
43649149,Opportunity,Antidepressant,Topical,Keep refrigerated
12725230,Right,Analgesic,Oral,Keep refrigerated
28446331,Cold,Analgesic,Oral,Avoid direct sunlight
41782485,Risk,Antidepressant,Oral,Keep refrigerated
34132094,Majority,Antidepressant,Oral,Avoid direct sunlight
24494632,Apply,Antiviral,Injectable,Avoid direct sunlight
92745152,Effort,Antiviral,Topical,Store at room temperature
76073591,Nothing,Antiviral,Oral,Avoid direct sunlight
80849092,Collection,Antidepressant,Injectable,Keep refrigerated
72332721,Issue,Analgesic,Injectable,Avoid direct sunlight
98187089,Whatever,Antiviral,Injectable,Store at room temperature
90844586,Agent,Antibiotic,Oral,Store at room temperature
88332257,Market,Antiviral,Topical,Store at room temperature
90859145,Drug,Analgesic,Injectable,Avoid direct sunlight
24221159,Computer,Antidepressant,Topical,Store at room temperature
31967800,Support,Antibiotic,Topical,Keep refrigerated
60275504,Condition,Antidepressant,Injectable,Keep refrigerated
30462634,Note,Antidepressant,Oral,Avoid direct sunlight
00580281,Develop,Antiviral,Oral,Store at room temperature
17881334,Couple,Antibiotic,Topical,Store at room temperature
38535214,Service,Antiviral,Oral,Keep refrigerated
26629326,Forward,Antibiotic,Topical,Keep refrigerated
14653917,Also,Antibiotic,Oral,Store at room temperature
51463563,Audience,Antiviral,Oral,Store at room temperature
15862515,Health,Antidepressant,Injectable,Store at room temperature
02183482,Use,Antidepressant,Topical,Store at room temperature
41843898,Suggest,Antiviral,Topical,Avoid direct sunlight
94458876,Available,Analgesic,Injectable,Keep refrigerated
27684490,Attention,Analgesic,Oral,Avoid direct sunlight
01444669,Join,Analgesic,Topical,Store at room temperature
29340444,Finally,Antibiotic,Injectable,Avoid direct sunlight
46656642,Federal,Antidepressant,Topical,Keep refrigerated
20477771,Trip,Antidepressant,Topical,Avoid direct sunlight
80973592,Class,Antibiotic,Injectable,Keep refrigerated
26854850,Effort,Antidepressant,Topical,Avoid direct sunlight
95559043,Attention,Analgesic,Injectable,Avoid direct sunlight
16065280,Low,Analgesic,Topical,Avoid direct sunlight
59375716,Over,Antidepressant,Oral,Keep refrigerated
08511468,Reveal,Antiviral,Injectable,Keep refrigerated
54403161,Over,Analgesic,Topical,Avoid direct sunlight
56339672,Eight,Analgesic,Oral,Store at room temperature
89455626,Song,Antiviral,Oral,Keep refrigerated
24942949,Short,Antiviral,Injectable,Keep refrigerated
79804272,Through,Antibiotic,Oral,Avoid direct sunlight
18990443,Occur,Analgesic,Injectable,Keep refrigerated
01438903,Program,Antidepressant,Injectable,Avoid direct sunlight
78186726,Ago,Analgesic,Oral,Avoid direct sunlight
08051996,Stock,Analgesic,Topical,Avoid direct sunlight
01041665,Wind,Antidepressant,Topical,Avoid direct sunlight
23661038,My,Antibiotic,Topical,Keep refrigerated
21717800,Turn,Antibiotic,Oral,Keep refrigerated
77013761,Guy,Antidepressant,Topical,Store at room temperature
86136418,Shake,Antiviral,Topical,Keep refrigerated
56548236,Organization,Antidepressant,Oral,Store at room temperature
92798882,Fact,Antiviral,Topical,Avoid direct sunlight
17100625,Game,Analgesic,Topical,Avoid direct sunlight
69860781,Vote,Antiviral,Injectable,Store at room temperature
05808820,Foreign,Antiviral,Oral,Keep refrigerated
37398779,Blood,Antidepressant,Oral,Keep refrigerated
18511945,Else,Antibiotic,Injectable,Keep refrigerated
81983274,Much,Antiviral,Topical,Store at room temperature
99177789,Election,Analgesic,Injectable,Avoid direct sunlight
39426451,Month,Antiviral,Injectable,Avoid direct sunlight
17131289,Far,Analgesic,Oral,Avoid direct sunlight
75960661,Fight,Antiviral,Topical,Keep refrigerated
21817061,Hope,Antidepressant,Topical,Store at room temperature
96163567,Magazine,Analgesic,Topical,Keep refrigerated
43456696,Role,Analgesic,Topical,Keep refrigerated
69071679,Test,Antibiotic,Topical,Avoid direct sunlight
23272111,Condition,Antidepressant,Injectable,Avoid direct sunlight
50935230,Order,Antidepressant,Topical,Store at room temperature
38464502,Call,Antiviral,Injectable,Keep refrigerated
25747503,Bed,Antidepressant,Injectable,Avoid direct sunlight
17924314,Range,Analgesic,Topical,Avoid direct sunlight
23058605,Fire,Antiviral,Injectable,Keep refrigerated
49087165,Strong,Analgesic,Oral,Keep refrigerated
99032223,Edge,Antibiotic,Injectable,Keep refrigerated
56111800,Past,Analgesic,Injectable,Avoid direct sunlight
77937371,Senior,Antiviral,Topical,Store at room temperature
41347189,Fish,Analgesic,Topical,Store at room temperature
69397125,Spring,Analgesic,Oral,Keep refrigerated
62633423,Full,Antiviral,Topical,Keep refrigerated
44573124,Individual,Analgesic,Oral,Keep refrigerated
15381080,Talk,Antiviral,Injectable,Store at room temperature
41128063,Threat,Antidepressant,Topical,Avoid direct sunlight
25996295,Moment,Analgesic,Oral,Store at room temperature
70783886,Along,Antibiotic,Topical,Avoid direct sunlight
94185256,Thought,Antidepressant,Oral,Store at room temperature
81706675,Piece,Antibiotic,Oral,Store at room temperature
21653344,Network,Analgesic,Oral,Keep refrigerated
48595982,Project,Antibiotic,Topical,Store at room temperature
60059072,Picture,Antiviral,Oral,Keep refrigerated
78289680,Much,Antibiotic,Injectable,Store at room temperature
09814268,Bag,Antidepressant,Injectable,Keep refrigerated
05586987,Billion,Antidepressant,Topical,Store at room temperature
16400468,Day,Antibiotic,Injectable,Avoid direct sunlight
73763243,Itself,Antiviral,Injectable,Keep refrigerated
26588180,House,Antidepressant,Injectable,Store at room temperature
18718396,Race,Antiviral,Oral,Keep refrigerated
52386162,Soon,Antibiotic,Topical,Store at room temperature
14587451,Deal,Analgesic,Injectable,Keep refrigerated
30550721,That,Analgesic,Topical,Keep refrigerated
13549220,If,Antibiotic,Topical,Avoid direct sunlight
50864452,Special,Analgesic,Injectable,Avoid direct sunlight
91278192,Next,Antidepressant,Topical,Avoid direct sunlight
16062494,West,Antibiotic,Oral,Keep refrigerated
16778704,Bring,Antibiotic,Oral,Store at room temperature
71391804,Husband,Antibiotic,Injectable,Store at room temperature
46683185,Mind,Antidepressant,Topical,Store at room temperature
89601590,Least,Antidepressant,Oral,Keep refrigerated
97385492,Everyone,Antiviral,Oral,Keep refrigerated
17184615,Matter,Analgesic,Injectable,Store at room temperature
61042040,Reveal,Antidepressant,Topical,Keep refrigerated
60082664,Security,Antiviral,Injectable,Store at room temperature
36515797,Husband,Antiviral,Topical,Avoid direct sunlight
69750169,Especially,Analgesic,Injectable,Avoid direct sunlight
03656769,Car,Antibiotic,Oral,Store at room temperature
27411037,Voice,Antidepressant,Topical,Avoid direct sunlight
11611842,Site,Antidepressant,Injectable,Store at room temperature
97369826,Standard,Antiviral,Injectable,Keep refrigerated
33304854,Gas,Antiviral,Oral,Store at room temperature
97241154,Grow,Antibiotic,Topical,Avoid direct sunlight
78516310,Major,Antiviral,Topical,Store at room temperature
20487134,Few,Antidepressant,Topical,Store at room temperature
15588284,Herself,Antidepressant,Oral,Store at room temperature
62972520,But,Antibiotic,Oral,Keep refrigerated
36698925,Evening,Antidepressant,Oral,Store at room temperature
20581902,Involve,Antidepressant,Oral,Store at room temperature
32923710,Door,Antiviral,Oral,Avoid direct sunlight
21079199,Mrs,Antiviral,Oral,Avoid direct sunlight
28826699,Customer,Analgesic,Oral,Avoid direct sunlight
48432133,And,Antidepressant,Injectable,Keep refrigerated
05715733,Charge,Antidepressant,Oral,Keep refrigerated
10586315,Or,Antidepressant,Oral,Store at room temperature
64467263,Range,Analgesic,Injectable,Keep refrigerated
48084793,Your,Antidepressant,Injectable,Store at room temperature
82306817,Design,Antidepressant,Injectable,Store at room temperature
85915668,Still,Antibiotic,Oral,Avoid direct sunlight
44575839,Condition,Antibiotic,Oral,Keep refrigerated
91514875,Energy,Antibiotic,Injectable,Store at room temperature
69995968,Hit,Antidepressant,Injectable,Store at room temperature
96781377,Responsibility,Antidepressant,Injectable,Avoid direct sunlight
02208115,Picture,Antiviral,Topical,Keep refrigerated
14810896,Benefit,Antiviral,Oral,Keep refrigerated
07519557,Organization,Antidepressant,Topical,Keep refrigerated
48642394,Role,Antibiotic,Injectable,Keep refrigerated
52995144,Sense,Antidepressant,Topical,Keep refrigerated
06255310,Nation,Antiviral,Topical,Keep refrigerated
96027889,School,Antibiotic,Oral,Keep refrigerated
43171785,Western,Antibiotic,Topical,Keep refrigerated
39440816,Herself,Antiviral,Oral,Store at room temperature
76601987,Mrs,Analgesic,Topical,Store at room temperature
12035309,Statement,Antidepressant,Injectable,Avoid direct sunlight
37939626,Capital,Analgesic,Topical,Avoid direct sunlight
87132934,Adult,Antibiotic,Topical,Keep refrigerated
34652957,Tax,Antidepressant,Injectable,Store at room temperature
85311657,Family,Antibiotic,Oral,Store at room temperature
50959950,Record,Analgesic,Topical,Keep refrigerated
24558618,Two,Antibiotic,Injectable,Avoid direct sunlight
77462835,View,Antidepressant,Topical,Store at room temperature
50543691,Model,Analgesic,Injectable,Avoid direct sunlight
28693974,Night,Antibiotic,Topical,Store at room temperature
64807247,Hair,Antibiotic,Topical,Keep refrigerated
63634841,Floor,Antibiotic,Injectable,Keep refrigerated
28681661,Account,Antiviral,Oral,Store at room temperature
57536908,Possible,Antibiotic,Injectable,Store at room temperature
07287108,Also,Analgesic,Oral,Avoid direct sunlight
50083104,Box,Antibiotic,Oral,Keep refrigerated
84008321,Computer,Analgesic,Oral,Keep refrigerated
29384142,Interview,Antidepressant,Injectable,Store at room temperature
88370439,Foreign,Analgesic,Topical,Keep refrigerated
07860626,Serious,Analgesic,Oral,Avoid direct sunlight
49360887,Prove,Analgesic,Injectable,Store at room temperature
27158125,Bank,Antiviral,Oral,Avoid direct sunlight
92792253,Record,Antibiotic,Injectable,Keep refrigerated
35651272,Station,Antibiotic,Oral,Store at room temperature
71399096,Clearly,Antibiotic,Topical,Store at room temperature
10647680,Pm,Antidepressant,Injectable,Avoid direct sunlight
84015170,Range,Antiviral,Topical,Store at room temperature
85064724,Ago,Antiviral,Oral,Store at room temperature
32467875,Decision,Antidepressant,Injectable,Keep refrigerated
50015610,Crime,Antidepressant,Injectable,Store at room temperature
05107895,Include,Analgesic,Topical,Avoid direct sunlight
90695328,Another,Antidepressant,Oral,Store at room temperature
22516235,Development,Antiviral,Oral,Store at room temperature
94370759,Suffer,Antibiotic,Oral,Store at room temperature
68054582,Less,Analgesic,Oral,Store at room temperature
32526059,Rather,Antiviral,Topical,Store at room temperature
23973109,Final,Analgesic,Injectable,Store at room temperature
78403744,Important,Antiviral,Topical,Store at room temperature
19434991,By,Antibiotic,Injectable,Store at room temperature
59797481,All,Antibiotic,Topical,Store at room temperature
45660474,Step,Antidepressant,Oral,Avoid direct sunlight
40950211,Beyond,Antibiotic,Injectable,Keep refrigerated
37650976,Heart,Antibiotic,Injectable,Avoid direct sunlight
10427140,Name,Analgesic,Injectable,Avoid direct sunlight
90138754,Poor,Analgesic,Topical,Store at room temperature
15374010,Watch,Antiviral,Injectable,Keep refrigerated
91060908,Girl,Antibiotic,Topical,Keep refrigerated
98843163,Into,Antidepressant,Injectable,Store at room temperature
27529213,Court,Antidepressant,Injectable,Store at room temperature
84934657,Finish,Analgesic,Injectable,Avoid direct sunlight
40342828,Hear,Antidepressant,Injectable,Keep refrigerated
64433795,Me,Analgesic,Injectable,Keep refrigerated
28115039,Own,Antidepressant,Oral,Avoid direct sunlight
27096284,To,Antibiotic,Topical,Avoid direct sunlight
33769076,Buy,Antiviral,Oral,Store at room temperature
94512862,Two,Antiviral,Oral,Keep refrigerated
10242377,Star,Antibiotic,Topical,Avoid direct sunlight
27567335,Step,Antiviral,Topical,Store at room temperature
14450574,Support,Antidepressant,Topical,Store at room temperature
78526130,Institution,Antidepressant,Topical,Avoid direct sunlight
24583272,Pay,Analgesic,Topical,Keep refrigerated
35348535,Wonder,Antiviral,Oral,Keep refrigerated
32291716,Sit,Antiviral,Topical,Store at room temperature
89895052,Air,Antibiotic,Injectable,Store at room temperature
87622765,Take,Antibiotic,Topical,Keep refrigerated
65421552,Usually,Antidepressant,Injectable,Avoid direct sunlight
21477947,Image,Antiviral,Topical,Avoid direct sunlight
07950481,Brother,Analgesic,Injectable,Keep refrigerated
12614665,Should,Antibiotic,Oral,Store at room temperature
78351801,Girl,Antibiotic,Oral,Store at room temperature
81168041,Director,Antibiotic,Oral,Keep refrigerated
43545008,Business,Antiviral,Oral,Store at room temperature
38706671,Go,Analgesic,Injectable,Store at room temperature
47837375,Structure,Antiviral,Oral,Store at room temperature
62704774,Relationship,Antidepressant,Oral,Store at room temperature
54869885,Space,Antidepressant,Injectable,Keep refrigerated
56450282,Ahead,Analgesic,Oral,Keep refrigerated
92837278,Choose,Antibiotic,Oral,Store at room temperature
00359070,Another,Antidepressant,Topical,Keep refrigerated
23467291,Garden,Analgesic,Injectable,Keep refrigerated
69145664,Civil,Antiviral,Oral,Store at room temperature
27515607,Agent,Antiviral,Topical,Keep refrigerated
50099542,Arm,Analgesic,Oral,Avoid direct sunlight
94611513,Design,Antibiotic,Injectable,Store at room temperature
79602689,No,Antidepressant,Injectable,Store at room temperature
27042460,Half,Antidepressant,Injectable,Keep refrigerated
85169268,Your,Antidepressant,Injectable,Avoid direct sunlight
77320959,Drug,Analgesic,Injectable,Store at room temperature
01014056,Fill,Antidepressant,Oral,Keep refrigerated
76853280,Effort,Analgesic,Topical,Store at room temperature
66346313,Hundred,Analgesic,Oral,Avoid direct sunlight
37298278,Pretty,Analgesic,Topical,Store at room temperature
29603755,Suddenly,Antiviral,Oral,Keep refrigerated
15570470,Start,Antibiotic,Oral,Keep refrigerated
42357625,Determine,Antibiotic,Oral,Store at room temperature
50257884,Rather,Antiviral,Injectable,Store at room temperature
19725077,These,Antidepressant,Injectable,Avoid direct sunlight
02958036,Sing,Antibiotic,Topical,Keep refrigerated
82850138,Age,Antibiotic,Injectable,Avoid direct sunlight
64472348,Range,Antibiotic,Topical,Keep refrigerated
80144141,Area,Antidepressant,Injectable,Keep refrigerated
07885628,Institution,Antibiotic,Injectable,Keep refrigerated
79423472,Determine,Antibiotic,Oral,Keep refrigerated
07809280,Quickly,Analgesic,Oral,Keep refrigerated
77981278,Purpose,Antidepressant,Oral,Avoid direct sunlight
30217326,Building,Analgesic,Topical,Keep refrigerated
52686996,Here,Antibiotic,Injectable,Store at room temperature
00859660,Begin,Antibiotic,Topical,Avoid direct sunlight
42086519,Candidate,Analgesic,Oral,Keep refrigerated
93353485,Certainly,Antidepressant,Injectable,Avoid direct sunlight
83926202,Top,Antibiotic,Topical,Avoid direct sunlight
29637661,According,Antiviral,Topical,Avoid direct sunlight
51439200,Many,Analgesic,Injectable,Avoid direct sunlight
18061983,Range,Antibiotic,Topical,Keep refrigerated
65326449,Sea,Antidepressant,Oral,Store at room temperature
17703458,Reality,Antibiotic,Injectable,Avoid direct sunlight
26322777,Health,Antidepressant,Topical,Avoid direct sunlight
45618008,Green,Antidepressant,Topical,Avoid direct sunlight
72590149,Community,Antiviral,Oral,Store at room temperature
45823419,Worry,Antibiotic,Injectable,Avoid direct sunlight
30879962,Bring,Antibiotic,Oral,Avoid direct sunlight
72212448,Without,Antidepressant,Injectable,Store at room temperature
83200772,For,Antidepressant,Oral,Avoid direct sunlight
63523351,Serious,Antibiotic,Injectable,Keep refrigerated
17351188,Recently,Antibiotic,Injectable,Store at room temperature
18124323,Throughout,Antidepressant,Oral,Store at room temperature
93963876,Chair,Analgesic,Oral,Store at room temperature
92273910,Commercial,Antiviral,Injectable,Keep refrigerated
46607959,Executive,Analgesic,Topical,Keep refrigerated
63926167,Allow,Antidepressant,Injectable,Keep refrigerated
59640211,Religious,Antidepressant,Injectable,Avoid direct sunlight
28360160,Management,Antidepressant,Topical,Avoid direct sunlight
56918190,Simply,Antidepressant,Oral,Keep refrigerated
58700358,Worker,Analgesic,Injectable,Keep refrigerated
32646538,Hot,Antidepressant,Topical,Avoid direct sunlight
77884265,Beyond,Analgesic,Oral,Avoid direct sunlight
08047451,Level,Antiviral,Injectable,Store at room temperature
75818057,Environmental,Antidepressant,Topical,Keep refrigerated
87457645,Just,Antibiotic,Injectable,Store at room temperature
02511417,Environment,Antidepressant,Injectable,Avoid direct sunlight
57585753,Civil,Antibiotic,Injectable,Keep refrigerated
89285458,Always,Antiviral,Injectable,Keep refrigerated
28841218,Send,Antibiotic,Oral,Keep refrigerated
34969522,Budget,Antibiotic,Oral,Avoid direct sunlight
26943983,Set,Antidepressant,Oral,Keep refrigerated
02319087,Itself,Antibiotic,Oral,Keep refrigerated
38453337,Try,Analgesic,Oral,Keep refrigerated
10620287,Man,Antidepressant,Oral,Keep refrigerated
71964346,To,Antibiotic,Injectable,Avoid direct sunlight
66722349,Easy,Antidepressant,Oral,Avoid direct sunlight
21053019,Them,Antibiotic,Oral,Keep refrigerated
53674640,Left,Antibiotic,Oral,Store at room temperature
07029134,Also,Antidepressant,Oral,Avoid direct sunlight
60994277,Late,Analgesic,Topical,Store at room temperature
61213489,Soon,Analgesic,Injectable,Store at room temperature
26635645,Different,Antibiotic,Oral,Keep refrigerated
25071416,Door,Antibiotic,Topical,Avoid direct sunlight
73754546,Site,Antidepressant,Injectable,Avoid direct sunlight
58322792,Almost,Antiviral,Injectable,Keep refrigerated
75720740,Friend,Analgesic,Topical,Avoid direct sunlight
44926525,Mother,Analgesic,Oral,Avoid direct sunlight
89965007,Including,Analgesic,Injectable,Store at room temperature
30802299,Morning,Analgesic,Topical,Avoid direct sunlight
46094244,Just,Antibiotic,Oral,Keep refrigerated
53620130,Sometimes,Analgesic,Topical,Store at room temperature
76291152,Billion,Antidepressant,Topical,Store at room temperature
87905153,Result,Analgesic,Injectable,Avoid direct sunlight
86219910,Heart,Antiviral,Oral,Store at room temperature
15109417,Own,Antidepressant,Injectable,Avoid direct sunlight
41646389,It,Antiviral,Oral,Avoid direct sunlight
31626116,Ability,Antibiotic,Injectable,Keep refrigerated
30688429,Section,Antibiotic,Oral,Store at room temperature
16367451,Health,Antibiotic,Injectable,Store at room temperature
94322178,Appear,Antibiotic,Oral,Keep refrigerated
59574941,As,Antiviral,Topical,Keep refrigerated
73175584,Whether,Antibiotic,Injectable,Store at room temperature
66779904,Court,Antibiotic,Topical,Keep refrigerated
14040266,Least,Antiviral,Injectable,Keep refrigerated
04817195,Decision,Analgesic,Topical,Store at room temperature
52041019,Each,Analgesic,Oral,Avoid direct sunlight
36769431,Radio,Analgesic,Injectable,Store at room temperature
14323415,Several,Antibiotic,Topical,Keep refrigerated
00050703,Generation,Antiviral,Topical,Store at room temperature
34620596,Own,Antidepressant,Injectable,Keep refrigerated
17535967,Call,Antidepressant,Injectable,Store at room temperature
02276051,Pressure,Antiviral,Oral,Avoid direct sunlight
03561873,Live,Analgesic,Topical,Avoid direct sunlight
70659904,Grow,Antibiotic,Topical,Keep refrigerated
32306442,Film,Antiviral,Injectable,Avoid direct sunlight
12412712,Course,Antiviral,Topical,Keep refrigerated
68081469,Work,Antibiotic,Injectable,Avoid direct sunlight
40790326,Article,Antidepressant,Injectable,Avoid direct sunlight
40395754,Before,Antiviral,Topical,Store at room temperature
70191557,Act,Antiviral,Oral,Keep refrigerated
19577993,Tough,Antibiotic,Oral,Avoid direct sunlight
34731819,Born,Antibiotic,Injectable,Store at room temperature
04073182,Or,Antiviral,Topical,Avoid direct sunlight
54237948,Garden,Antibiotic,Topical,Avoid direct sunlight
27521081,Believe,Antiviral,Topical,Store at room temperature
82517261,Seek,Antibiotic,Topical,Keep refrigerated
11514108,What,Antidepressant,Topical,Avoid direct sunlight
45864943,Evening,Antiviral,Topical,Store at room temperature
04470746,Store,Antiviral,Topical,Avoid direct sunlight
90732729,Out,Analgesic,Topical,Keep refrigerated
83094484,Wrong,Analgesic,Injectable,Store at room temperature
66699871,Fast,Antidepressant,Topical,Avoid direct sunlight
19721852,Institution,Antidepressant,Topical,Avoid direct sunlight
35460569,Prepare,Antiviral,Topical,Store at room temperature
14626276,Doctor,Analgesic,Injectable,Store at room temperature
96492275,Field,Antibiotic,Topical,Avoid direct sunlight
64340480,Choice,Antidepressant,Oral,Store at room temperature
13108883,Industry,Analgesic,Topical,Keep refrigerated
99796772,Growth,Antibiotic,Oral,Avoid direct sunlight
11178883,Each,Antidepressant,Injectable,Avoid direct sunlight
07846090,Church,Antiviral,Oral,Avoid direct sunlight
67427304,State,Antibiotic,Topical,Keep refrigerated
13996338,Night,Antibiotic,Oral,Store at room temperature
01915346,Most,Antiviral,Topical,Store at room temperature
54242850,Dinner,Antidepressant,Oral,Store at room temperature
69472654,Establish,Antibiotic,Injectable,Keep refrigerated
76968121,Short,Antibiotic,Injectable,Keep refrigerated
98295876,Decision,Antidepressant,Oral,Store at room temperature
18312314,Compare,Antiviral,Topical,Keep refrigerated
39935049,Six,Antibiotic,Injectable,Avoid direct sunlight
67140049,Allow,Antibiotic,Oral,Keep refrigerated
38837769,Spend,Antibiotic,Topical,Store at room temperature
92747555,Citizen,Analgesic,Oral,Avoid direct sunlight
92603968,Sure,Antiviral,Topical,Store at room temperature
94741217,Reveal,Analgesic,Injectable,Keep refrigerated
17885232,End,Antidepressant,Injectable,Store at room temperature
76289555,Brother,Antiviral,Topical,Avoid direct sunlight
91551727,Professor,Antibiotic,Injectable,Keep refrigerated
75113323,Yes,Analgesic,Oral,Store at room temperature
83914635,Trade,Antidepressant,Oral,Keep refrigerated
85466322,Upon,Antibiotic,Topical,Store at room temperature
88410998,Seven,Antibiotic,Oral,Keep refrigerated
72323650,Put,Antidepressant,Oral,Store at room temperature
24176867,Sign,Antiviral,Oral,Store at room temperature
51867193,Up,Antiviral,Oral,Avoid direct sunlight
55375675,Alone,Antibiotic,Topical,Avoid direct sunlight
81782161,Interest,Analgesic,Topical,Keep refrigerated
64844320,More,Antibiotic,Injectable,Keep refrigerated
63942338,Professor,Antibiotic,Injectable,Store at room temperature
48855860,Six,Antidepressant,Injectable,Avoid direct sunlight
70165736,Just,Antiviral,Injectable,Store at room temperature
69923566,System,Antidepressant,Topical,Keep refrigerated
09821352,Fast,Analgesic,Injectable,Avoid direct sunlight
88068083,Lawyer,Antiviral,Topical,Store at room temperature
62278023,Soldier,Antidepressant,Injectable,Store at room temperature
62101244,Leg,Analgesic,Oral,Store at room temperature
21789957,Issue,Antiviral,Oral,Keep refrigerated
22058800,Kind,Analgesic,Injectable,Avoid direct sunlight
25465473,Wall,Antiviral,Injectable,Store at room temperature
36696767,His,Analgesic,Injectable,Keep refrigerated
19435580,Enter,Antibiotic,Topical,Store at room temperature
84954239,Send,Antiviral,Oral,Keep refrigerated
12261954,Best,Antiviral,Oral,Store at room temperature
21368177,Ask,Antiviral,Injectable,Keep refrigerated
04585441,Step,Antiviral,Oral,Avoid direct sunlight
69747351,Shoulder,Analgesic,Topical,Avoid direct sunlight
45543810,Compare,Analgesic,Topical,Keep refrigerated
78646175,Small,Antibiotic,Injectable,Avoid direct sunlight
63308258,Management,Antibiotic,Topical,Store at room temperature
22825206,Police,Antiviral,Injectable,Keep refrigerated
81644476,Become,Antidepressant,Oral,Keep refrigerated
37792114,Reality,Analgesic,Oral,Store at room temperature
36605045,Tend,Analgesic,Oral,Keep refrigerated
86205855,Range,Analgesic,Oral,Avoid direct sunlight
31065883,Character,Antiviral,Oral,Avoid direct sunlight
61727666,Method,Antiviral,Topical,Keep refrigerated
00800774,Wonder,Antiviral,Injectable,Store at room temperature
03281725,System,Antiviral,Injectable,Store at room temperature
01064085,Source,Antibiotic,Oral,Avoid direct sunlight
81043743,Challenge,Antiviral,Injectable,Keep refrigerated
77267331,Anything,Analgesic,Topical,Store at room temperature
37557529,I,Antiviral,Injectable,Avoid direct sunlight
95436560,Size,Analgesic,Oral,Keep refrigerated
12274358,Control,Antidepressant,Injectable,Store at room temperature
76600780,Station,Antidepressant,Topical,Avoid direct sunlight
58697362,Enough,Antibiotic,Injectable,Avoid direct sunlight
37964330,Fall,Antiviral,Oral,Keep refrigerated
63864654,Human,Antiviral,Topical,Store at room temperature
29458064,Director,Analgesic,Injectable,Avoid direct sunlight
97019286,Would,Antibiotic,Injectable,Avoid direct sunlight
63685600,Possible,Antibiotic,Topical,Store at room temperature
81279812,Require,Analgesic,Injectable,Keep refrigerated
18031667,Watch,Antiviral,Topical,Keep refrigerated
44778404,Whose,Antiviral,Topical,Avoid direct sunlight
77976028,Tree,Antidepressant,Topical,Keep refrigerated
07015722,Later,Analgesic,Injectable,Keep refrigerated
61058604,Either,Antibiotic,Topical,Avoid direct sunlight
79061128,Worker,Analgesic,Oral,Keep refrigerated
51245289,This,Antidepressant,Injectable,Avoid direct sunlight
65336988,There,Antidepressant,Topical,Keep refrigerated
40374291,Project,Analgesic,Topical,Keep refrigerated
03953436,Nor,Antidepressant,Injectable,Store at room temperature
73950383,Upon,Antibiotic,Oral,Avoid direct sunlight
58067906,Country,Analgesic,Topical,Keep refrigerated
42424782,Also,Antiviral,Oral,Keep refrigerated
19329426,Born,Antidepressant,Injectable,Store at room temperature
29353467,Financial,Analgesic,Injectable,Keep refrigerated
48726345,Lot,Antidepressant,Injectable,Avoid direct sunlight
26948218,Control,Antidepressant,Topical,Avoid direct sunlight
84855578,Much,Antibiotic,Injectable,Avoid direct sunlight
76578276,Population,Antidepressant,Injectable,Avoid direct sunlight
08793374,Forget,Analgesic,Topical,Store at room temperature
38909116,North,Analgesic,Oral,Keep refrigerated
77926347,Its,Antidepressant,Topical,Store at room temperature
76900489,Store,Antibiotic,Topical,Avoid direct sunlight
98023806,At,Antibiotic,Injectable,Avoid direct sunlight
60462221,Military,Antiviral,Topical,Store at room temperature
75802309,Manage,Antiviral,Topical,Keep refrigerated
51850989,Business,Antiviral,Oral,Keep refrigerated
99132513,Subject,Antiviral,Oral,Keep refrigerated
05220469,Degree,Antidepressant,Oral,Avoid direct sunlight
41661265,Opportunity,Antidepressant,Injectable,Keep refrigerated
75708940,World,Antiviral,Oral,Store at room temperature
13017904,How,Analgesic,Topical,Avoid direct sunlight
70374273,There,Antiviral,Topical,Store at room temperature
99374169,Important,Antidepressant,Oral,Keep refrigerated
93632431,Agent,Antibiotic,Oral,Avoid direct sunlight
81699316,Mind,Antidepressant,Injectable,Avoid direct sunlight
07367284,Young,Antidepressant,Topical,Keep refrigerated
98265682,Line,Analgesic,Injectable,Keep refrigerated
31961364,Political,Antiviral,Oral,Keep refrigerated
81766362,Like,Antibiotic,Oral,Keep refrigerated
21797249,Perhaps,Analgesic,Topical,Store at room temperature
51848637,Question,Antiviral,Topical,Store at room temperature
37411771,Light,Analgesic,Topical,Keep refrigerated
64100568,Particularly,Analgesic,Injectable,Avoid direct sunlight
89476806,Edge,Antidepressant,Oral,Keep refrigerated
81291136,Believe,Antidepressant,Injectable,Store at room temperature
10536911,Ask,Antibiotic,Topical,Avoid direct sunlight
86335760,Something,Antibiotic,Injectable,Avoid direct sunlight
16625625,Senior,Antibiotic,Oral,Store at room temperature
28249590,Join,Antibiotic,Topical,Keep refrigerated
24532585,Thought,Antibiotic,Injectable,Avoid direct sunlight
79207664,High,Antibiotic,Oral,Keep refrigerated
13765848,Hold,Antidepressant,Topical,Avoid direct sunlight
42260481,Land,Antiviral,Topical,Keep refrigerated
96535507,Office,Antibiotic,Oral,Keep refrigerated
56316333,Although,Antidepressant,Injectable,Avoid direct sunlight
80973763,House,Antidepressant,Oral,Keep refrigerated
91425320,Even,Antidepressant,Injectable,Store at room temperature
90718505,Race,Antidepressant,Topical,Avoid direct sunlight
29270628,Town,Antibiotic,Injectable,Keep refrigerated
48480032,Site,Analgesic,Topical,Store at room temperature
58004612,Price,Antiviral,Topical,Store at room temperature
97238031,Get,Antiviral,Topical,Keep refrigerated
52718237,Short,Analgesic,Oral,Avoid direct sunlight
08652010,Difference,Antibiotic,Topical,Store at room temperature
14413774,Hear,Antiviral,Injectable,Store at room temperature
93153056,School,Analgesic,Injectable,Keep refrigerated
27725187,Lose,Antidepressant,Topical,Keep refrigerated
29629406,Coach,Analgesic,Oral,Store at room temperature
74902988,Power,Antidepressant,Oral,Store at room temperature
18852776,Ground,Antiviral,Oral,Avoid direct sunlight
03933872,Themselves,Antiviral,Oral,Avoid direct sunlight
74622230,Know,Antiviral,Topical,Avoid direct sunlight
23495347,Student,Antibiotic,Injectable,Keep refrigerated
39193855,Positive,Antibiotic,Injectable,Avoid direct sunlight
19179549,Book,Antibiotic,Oral,Avoid direct sunlight
59765016,Measure,Antidepressant,Topical,Keep refrigerated
14573360,Guess,Antiviral,Oral,Avoid direct sunlight
82442625,Remain,Antiviral,Injectable,Avoid direct sunlight
91105014,Figure,Antiviral,Topical,Avoid direct sunlight
34115718,Figure,Analgesic,Topical,Keep refrigerated
59682362,Catch,Antibiotic,Oral,Avoid direct sunlight
65394638,Ground,Antiviral,Topical,Avoid direct sunlight
05700362,Good,Antiviral,Oral,Avoid direct sunlight
89097109,Cover,Antiviral,Oral,Store at room temperature
25672800,Able,Analgesic,Oral,Keep refrigerated
51453509,Teach,Antibiotic,Injectable,Store at room temperature
72470872,Stock,Antibiotic,Injectable,Keep refrigerated
40144383,Something,Antidepressant,Injectable,Avoid direct sunlight
56187622,Discussion,Analgesic,Injectable,Avoid direct sunlight
02836262,Believe,Antidepressant,Injectable,Keep refrigerated
49171966,Language,Analgesic,Oral,Avoid direct sunlight
54400490,Pressure,Antidepressant,Injectable,Store at room temperature
18368816,Itself,Antiviral,Injectable,Store at room temperature
84579994,Generation,Antibiotic,Injectable,Keep refrigerated
06401225,Or,Antibiotic,Topical,Keep refrigerated
08197942,Some,Analgesic,Oral,Avoid direct sunlight
69876826,Now,Antidepressant,Injectable,Store at room temperature
90499920,Nature,Antidepressant,Oral,Store at room temperature
72958204,Movie,Antidepressant,Topical,Avoid direct sunlight
93184260,Health,Antibiotic,Topical,Avoid direct sunlight
74462162,For,Antidepressant,Topical,Avoid direct sunlight
82193792,Natural,Analgesic,Topical,Avoid direct sunlight
94359944,Measure,Antiviral,Oral,Avoid direct sunlight
96106787,Physical,Antiviral,Topical,Keep refrigerated
56679649,Wide,Antidepressant,Topical,Keep refrigerated
07934088,Music,Analgesic,Oral,Keep refrigerated
40619633,Only,Antiviral,Oral,Keep refrigerated
09807427,Clearly,Antibiotic,Topical,Keep refrigerated
12996141,Black,Analgesic,Oral,Keep refrigerated
68167113,Claim,Antidepressant,Topical,Store at room temperature
05949522,Whom,Antibiotic,Topical,Avoid direct sunlight
65449632,Small,Antiviral,Topical,Avoid direct sunlight
03872202,Science,Analgesic,Oral,Avoid direct sunlight
50958758,Read,Analgesic,Topical,Keep refrigerated
41478767,Arrive,Analgesic,Topical,Keep refrigerated
59734949,True,Analgesic,Oral,Store at room temperature
66357134,Data,Antidepressant,Topical,Avoid direct sunlight
26914293,Car,Antibiotic,Oral,Store at room temperature
52407381,Black,Antidepressant,Topical,Keep refrigerated
16425089,Natural,Analgesic,Topical,Avoid direct sunlight
80732429,Hot,Analgesic,Injectable,Keep refrigerated
47904331,Order,Antibiotic,Oral,Avoid direct sunlight
23933794,Material,Antibiotic,Injectable,Store at room temperature
12086493,During,Analgesic,Injectable,Keep refrigerated
15934496,Add,Antidepressant,Injectable,Store at room temperature
04838980,Necessary,Antibiotic,Oral,Store at room temperature
29063886,Morning,Antiviral,Oral,Store at room temperature
46178990,Answer,Antibiotic,Injectable,Keep refrigerated
66917579,Democrat,Antiviral,Injectable,Store at room temperature
45588720,Before,Antiviral,Injectable,Store at room temperature
76659755,Him,Antiviral,Oral,Store at room temperature
19286324,Move,Analgesic,Injectable,Store at room temperature
58849015,Play,Antibiotic,Topical,Store at room temperature
41243666,Direction,Analgesic,Topical,Keep refrigerated
52534228,Property,Antidepressant,Injectable,Avoid direct sunlight
47587638,Find,Antidepressant,Topical,Avoid direct sunlight
83653144,Wonder,Antibiotic,Topical,Avoid direct sunlight
12699888,Water,Antiviral,Injectable,Keep refrigerated
00676914,Century,Antiviral,Injectable,Store at room temperature
74929255,Picture,Analgesic,Oral,Store at room temperature
84190053,Traditional,Antiviral,Oral,Avoid direct sunlight
08955601,Result,Antibiotic,Injectable,Keep refrigerated
81097978,Bad,Antiviral,Oral,Keep refrigerated
69663291,After,Analgesic,Injectable,Store at room temperature
81048194,Sound,Antibiotic,Oral,Store at room temperature
95329237,Trial,Antibiotic,Injectable,Store at room temperature
48588261,Night,Antidepressant,Oral,Keep refrigerated
86760519,Move,Antidepressant,Injectable,Store at room temperature
50250105,Might,Antiviral,Topical,Store at room temperature
30392676,Practice,Antiviral,Oral,Avoid direct sunlight
18446537,Stand,Antidepressant,Topical,Keep refrigerated
01168393,Enter,Antidepressant,Topical,Keep refrigerated
66770867,Area,Antiviral,Topical,Store at room temperature
05997933,Wrong,Antiviral,Injectable,Avoid direct sunlight
01679326,Free,Analgesic,Oral,Avoid direct sunlight
35584639,Public,Antidepressant,Injectable,Keep refrigerated
90670372,As,Antidepressant,Oral,Keep refrigerated
14291018,Difference,Antibiotic,Topical,Keep refrigerated
51447118,Them,Antidepressant,Oral,Keep refrigerated
09740568,Put,Analgesic,Injectable,Keep refrigerated
83814855,Agree,Analgesic,Oral,Store at room temperature
58920866,Conference,Antibiotic,Topical,Keep refrigerated
86712288,Important,Antiviral,Injectable,Store at room temperature
74556315,Travel,Analgesic,Topical,Keep refrigerated
13720157,Particular,Antiviral,Oral,Avoid direct sunlight
10249027,Just,Antiviral,Injectable,Keep refrigerated
23930496,Scene,Antiviral,Topical,Keep refrigerated
29976336,Recognize,Analgesic,Injectable,Avoid direct sunlight
08074485,List,Antidepressant,Topical,Store at room temperature
53690369,Century,Antiviral,Injectable,Store at room temperature
68945163,Send,Analgesic,Oral,Avoid direct sunlight
63648254,Specific,Antidepressant,Oral,Store at room temperature
28954249,Room,Antibiotic,Topical,Store at room temperature
88095431,Discussion,Analgesic,Injectable,Store at room temperature
84486127,Safe,Analgesic,Topical,Store at room temperature
65098432,Edge,Antibiotic,Topical,Keep refrigerated
07641069,Everything,Antiviral,Oral,Keep refrigerated
07498576,Finally,Antiviral,Topical,Keep refrigerated
98326452,Natural,Antiviral,Oral,Keep refrigerated
30727591,Expert,Analgesic,Oral,Avoid direct sunlight
00881103,Respond,Antibiotic,Topical,Keep refrigerated
79156690,Concern,Antidepressant,Topical,Keep refrigerated
74432189,Subject,Antibiotic,Oral,Avoid direct sunlight
00640020,Forward,Antiviral,Topical,Store at room temperature
07835354,Attack,Analgesic,Topical,Avoid direct sunlight
89371581,Political,Antiviral,Injectable,Keep refrigerated
47244712,Story,Antibiotic,Topical,Store at room temperature
55307858,Long,Antidepressant,Oral,Keep refrigerated
63521946,Agent,Analgesic,Oral,Keep refrigerated
72914298,Section,Analgesic,Oral,Store at room temperature
80554231,Sea,Analgesic,Oral,Store at room temperature
86029259,Road,Antidepressant,Oral,Avoid direct sunlight
66386777,Car,Antidepressant,Injectable,Store at room temperature
81499249,Body,Antidepressant,Topical,Store at room temperature
38213966,Entire,Antiviral,Topical,Store at room temperature
30219047,What,Antiviral,Topical,Store at room temperature
37653006,Close,Antibiotic,Injectable,Keep refrigerated
69517435,Role,Analgesic,Oral,Avoid direct sunlight
88337525,Deal,Antibiotic,Topical,Avoid direct sunlight
78617536,Market,Analgesic,Topical,Keep refrigerated
01871922,Wide,Analgesic,Oral,Avoid direct sunlight
00554020,Similar,Antibiotic,Injectable,Keep refrigerated
52583284,Prepare,Antiviral,Oral,Store at room temperature
19549196,Word,Antidepressant,Topical,Avoid direct sunlight
66160872,Grow,Antidepressant,Injectable,Store at room temperature
18091405,Speech,Antidepressant,Topical,Avoid direct sunlight
11692129,Campaign,Analgesic,Topical,Keep refrigerated
77484256,Serious,Antibiotic,Injectable,Avoid direct sunlight
22063171,Rule,Antidepressant,Oral,Avoid direct sunlight
33458845,Process,Antiviral,Topical,Store at room temperature
14813602,Total,Antibiotic,Injectable,Store at room temperature
82117665,Cause,Antiviral,Topical,Store at room temperature
90708540,Threat,Antibiotic,Oral,Avoid direct sunlight
25520512,Fact,Analgesic,Topical,Keep refrigerated
92612840,Yeah,Antidepressant,Oral,Keep refrigerated
45050978,Another,Antiviral,Injectable,Avoid direct sunlight
78940441,Charge,Antiviral,Injectable,Store at room temperature
72200310,Light,Antidepressant,Topical,Keep refrigerated
54663116,Right,Antiviral,Oral,Avoid direct sunlight
76135723,Different,Analgesic,Oral,Keep refrigerated
07463797,Response,Antibiotic,Topical,Store at room temperature
70861032,Agreement,Antibiotic,Topical,Avoid direct sunlight
94558299,Exist,Antidepressant,Topical,Store at room temperature
53288880,Body,Antibiotic,Oral,Keep refrigerated
24774997,Son,Antidepressant,Injectable,Avoid direct sunlight
98018503,Set,Analgesic,Oral,Avoid direct sunlight
96153677,Knowledge,Antibiotic,Injectable,Avoid direct sunlight
07398759,Throughout,Antidepressant,Oral,Store at room temperature
22274420,Health,Antiviral,Topical,Store at room temperature
94857976,Red,Antibiotic,Topical,Keep refrigerated
61522028,World,Analgesic,Oral,Avoid direct sunlight
14538235,Wall,Antidepressant,Injectable,Avoid direct sunlight
06507369,Possible,Antibiotic,Oral,Store at room temperature
75292430,Sister,Antidepressant,Topical,Store at room temperature
18278978,Share,Antidepressant,Injectable,Avoid direct sunlight
27231659,Development,Antiviral,Topical,Keep refrigerated
05729131,Fly,Antiviral,Topical,Store at room temperature
85247753,Test,Antidepressant,Oral,Keep refrigerated
15183457,Certain,Antibiotic,Topical,Avoid direct sunlight
18338506,Group,Antiviral,Oral,Avoid direct sunlight
52974387,Win,Antibiotic,Injectable,Avoid direct sunlight
22804533,Magazine,Antiviral,Topical,Keep refrigerated
35449602,Report,Antiviral,Topical,Avoid direct sunlight
24418066,Project,Antidepressant,Oral,Keep refrigerated
59157244,Institution,Antibiotic,Topical,Store at room temperature
46681313,Forget,Analgesic,Topical,Keep refrigerated
44208406,Such,Antibiotic,Topical,Avoid direct sunlight
72937697,Arrive,Antibiotic,Topical,Store at room temperature
72793875,Conference,Analgesic,Injectable,Avoid direct sunlight
34358414,As,Analgesic,Topical,Keep refrigerated
76556034,Truth,Antibiotic,Topical,Keep refrigerated
92984293,Course,Antibiotic,Injectable,Keep refrigerated
47681900,Success,Analgesic,Topical,Avoid direct sunlight
16107287,Whom,Antibiotic,Oral,Store at room temperature
10340364,Action,Antidepressant,Topical,Avoid direct sunlight
03112731,Expert,Analgesic,Injectable,Store at room temperature
53574681,Day,Analgesic,Topical,Avoid direct sunlight
39672744,Company,Antibiotic,Topical,Keep refrigerated
88409557,Pattern,Antidepressant,Topical,Avoid direct sunlight
16748588,Answer,Analgesic,Topical,Avoid direct sunlight
86408606,Book,Antidepressant,Oral,Avoid direct sunlight
17328856,Well,Antidepressant,Topical,Keep refrigerated
98671565,Also,Antiviral,Injectable,Keep refrigerated
77292224,Thousand,Antidepressant,Oral,Avoid direct sunlight
12272463,Before,Antiviral,Oral,Avoid direct sunlight
43991336,Loss,Antidepressant,Oral,Avoid direct sunlight
72759909,Great,Antiviral,Oral,Avoid direct sunlight
70087198,Allow,Antibiotic,Injectable,Store at room temperature
51154629,Expert,Antibiotic,Injectable,Avoid direct sunlight
03841981,Forward,Antiviral,Topical,Avoid direct sunlight
37657100,Seek,Antiviral,Topical,Keep refrigerated
98209212,Parent,Antibiotic,Injectable,Avoid direct sunlight
96126888,Add,Antidepressant,Oral,Avoid direct sunlight
80894066,Book,Antibiotic,Topical,Store at room temperature
84029195,Skill,Antibiotic,Topical,Keep refrigerated
08893803,Must,Antidepressant,Injectable,Store at room temperature
49213594,Everything,Analgesic,Topical,Keep refrigerated
04939481,Leader,Analgesic,Oral,Keep refrigerated
88596440,As,Antibiotic,Topical,Store at room temperature
29175460,Stand,Antibiotic,Topical,Store at room temperature
06446749,For,Antibiotic,Topical,Avoid direct sunlight
28401926,Will,Antidepressant,Oral,Avoid direct sunlight
04094027,Truth,Antibiotic,Topical,Avoid direct sunlight
00005711,Box,Antiviral,Topical,Avoid direct sunlight
48348579,Market,Analgesic,Topical,Store at room temperature
16814135,Pressure,Antiviral,Injectable,Avoid direct sunlight
40668042,Soldier,Antibiotic,Topical,Keep refrigerated
96533648,Rise,Antidepressant,Injectable,Store at room temperature
62821261,Benefit,Antibiotic,Oral,Keep refrigerated
22910808,Probably,Antidepressant,Topical,Avoid direct sunlight
18800035,Reduce,Analgesic,Oral,Keep refrigerated
59478037,Affect,Antiviral,Topical,Avoid direct sunlight
22986581,Rule,Antiviral,Oral,Keep refrigerated
88157486,Late,Analgesic,Injectable,Store at room temperature
65387906,Hit,Antidepressant,Injectable,Store at room temperature
59423734,Eat,Antibiotic,Topical,Keep refrigerated
32532595,War,Antiviral,Topical,Store at room temperature
65673347,Apply,Antidepressant,Oral,Store at room temperature
35476557,Final,Antiviral,Topical,Keep refrigerated
24084581,Budget,Analgesic,Injectable,Avoid direct sunlight
92437711,Network,Antiviral,Oral,Avoid direct sunlight
00758162,Travel,Antiviral,Topical,Keep refrigerated
72752510,Enjoy,Antidepressant,Topical,Keep refrigerated
86927549,Conference,Analgesic,Oral,Keep refrigerated
56955447,Whether,Analgesic,Injectable,Store at room temperature
74039455,Thus,Antibiotic,Topical,Store at room temperature
76020526,Us,Antiviral,Injectable,Store at room temperature
81020981,Large,Antibiotic,Oral,Keep refrigerated
20856422,Admit,Antidepressant,Injectable,Keep refrigerated
19944335,Improve,Analgesic,Topical,Keep refrigerated
04379808,Kitchen,Antidepressant,Injectable,Keep refrigerated
37047298,Factor,Analgesic,Injectable,Avoid direct sunlight
73010467,Price,Antiviral,Injectable,Keep refrigerated
30857758,Actually,Antiviral,Injectable,Keep refrigerated
43204456,Someone,Analgesic,Topical,Keep refrigerated
86668690,Wish,Analgesic,Topical,Keep refrigerated
66686623,Career,Analgesic,Topical,Store at room temperature
95866780,Do,Analgesic,Injectable,Keep refrigerated
97965193,Anyone,Antibiotic,Injectable,Store at room temperature
03162827,Good,Antibiotic,Oral,Avoid direct sunlight
81714557,Career,Antiviral,Oral,Avoid direct sunlight
19832792,Financial,Antibiotic,Oral,Store at room temperature
84893552,Thousand,Antidepressant,Injectable,Keep refrigerated
30555396,Floor,Analgesic,Injectable,Keep refrigerated
54594353,Move,Analgesic,Injectable,Avoid direct sunlight
28375919,Situation,Analgesic,Topical,Store at room temperature
15005786,Together,Antidepressant,Oral,Avoid direct sunlight
61394688,Theory,Analgesic,Injectable,Avoid direct sunlight
84276131,Learn,Antiviral,Oral,Avoid direct sunlight
81575555,Top,Antibiotic,Topical,Store at room temperature
75638179,Personal,Antibiotic,Topical,Keep refrigerated
40681699,Over,Antidepressant,Oral,Store at room temperature
07875001,Really,Analgesic,Topical,Avoid direct sunlight
28027912,Stuff,Antibiotic,Injectable,Avoid direct sunlight
36245084,Dream,Antiviral,Topical,Store at room temperature
02578774,First,Antiviral,Injectable,Keep refrigerated
68551607,Program,Analgesic,Injectable,Store at room temperature
17729145,Dream,Antibiotic,Topical,Keep refrigerated
75396579,Raise,Antiviral,Oral,Keep refrigerated
37003582,News,Antidepressant,Injectable,Avoid direct sunlight
02220638,List,Antiviral,Oral,Avoid direct sunlight
09620125,Get,Antiviral,Topical,Store at room temperature
79997091,Current,Antibiotic,Topical,Keep refrigerated
42953172,Including,Analgesic,Oral,Store at room temperature
86314889,Community,Antidepressant,Topical,Keep refrigerated
68614533,Behavior,Antibiotic,Topical,Avoid direct sunlight
03399111,Fire,Analgesic,Injectable,Store at room temperature
77993086,Executive,Antibiotic,Injectable,Store at room temperature
52864342,Sign,Antiviral,Oral,Store at room temperature
78278465,Ago,Antiviral,Injectable,Avoid direct sunlight
43225607,Left,Antiviral,Topical,Store at room temperature
91974557,Feeling,Antiviral,Injectable,Store at room temperature
